country_code,country_name,survey_year,n_reforms_clean,n_positive,n_negative,net_reforms,weighted_score,weighted_net_score,n_human_capital,n_innovation_instruments,n_knowledge_transfer,n_other,n_rd_funding,n_research_infrastructure,n_sectoral_rd,n_startup_ecosystem,k_k1,k_k2,k_k3,k_k4,k_k5,k_k6,k_k7,k_k8
AUS,Australia,1995,2,2,0,2,1.6,1.6,0,0,0,0,1,0,1,0,0.0,1.0,0.0,0.0,0.0,0.0,0.0,0.0
AUS,Australia,1997,3,3,0,3,2.0,2.0,1,1,0,0,1,0,0,0,0.0,1.0,0.0,1.0,0.0,0.0,0.0,0.0
AUS,Australia,1998,2,2,0,2,0.8,0.8,0,0,0,0,0,0,0,2,0.0,0.0,0.0,0.0,0.0,1.0,0.0,1.0
AUS,Australia,1999,1,1,0,1,1.0,1.0,0,0,0,0,1,0,0,0,0.0,1.0,0.0,0.0,0.0,0.0,0.0,0.0
AUS,Australia,2001,10,10,0,10,7.9,7.9,1,4,0,0,4,1,0,0,0.0,0.0,1.0,3.0,2.0,0.0,1.0,1.0
AUS,Australia,2003,1,1,0,1,0.7,0.7,0,1,0,0,0,0,0,0,0.0,1.0,0.0,0.0,0.0,0.0,0.0,0.0
AUS,Australia,2004,1,1,0,1,1.0,1.0,0,0,0,0,1,0,0,0,0.0,0.0,0.0,0.0,0.0,0.0,0.0,0.0
AUS,Australia,2008,3,3,0,3,2.0,2.0,1,1,0,0,1,0,0,0,0.0,0.0,0.0,0.0,0.0,0.0,0.0,0.0
AUS,Australia,2012,6,5,0,5,3.0,3.0,1,4,0,0,0,0,1,0,0.0,2.0,0.0,0.0,1.0,0.0,0.0,0.0
AUS,Australia,2014,2,2,0,2,1.7,1.7,0,1,0,0,1,0,0,0,0.0,1.0,0.0,0.0,1.0,0.0,0.0,0.0
AUS,Australia,2017,21,21,0,21,15.0,15.0,1,6,3,0,5,1,0,5,0.0,5.0,0.0,5.0,2.0,3.0,1.0,2.0
AUS,Australia,2018,5,5,0,5,3.4,3.4,1,3,0,0,1,0,0,0,0.0,1.0,0.0,1.0,1.0,0.0,0.0,0.0
AUS,Australia,2021,11,11,0,11,6.9,6.9,1,2,0,0,2,1,2,3,0.0,3.0,0.0,2.0,3.0,0.0,1.0,0.0
AUS,Australia,2023,5,5,0,5,4.6,4.6,0,0,0,0,4,0,1,0,0.0,4.0,0.0,0.0,0.0,0.0,0.0,0.0
AUT,Austria,1995,1,1,0,1,0.4,0.4,0,0,0,0,0,0,0,1,0.0,0.0,0.0,0.0,0.0,0.0,0.0,0.0
AUT,Austria,1997,7,7,0,7,5.1,5.1,0,1,2,0,1,1,0,2,0.0,0.0,0.0,0.0,3.0,2.0,1.0,0.0
AUT,Austria,1998,2,2,0,2,1.2999999999999998,1.2999999999999998,0,1,0,0,0,0,1,0,1.0,1.0,0.0,0.0,0.0,0.0,0.0,0.0
AUT,Austria,1999,4,4,0,4,2.6999999999999997,2.6999999999999997,0,1,0,0,1,0,1,1,0.0,1.0,0.0,1.0,2.0,0.0,0.0,0.0
AUT,Austria,2001,4,4,0,4,2.4,2.4,1,1,0,0,0,1,1,0,1.0,1.0,0.0,0.0,0.0,0.0,0.0,0.0
AUT,Austria,2003,2,2,0,2,1.2999999999999998,1.2999999999999998,0,1,0,0,0,0,1,0,1.0,1.0,0.0,0.0,0.0,0.0,0.0,0.0
AUT,Austria,2005,10,10,0,10,5.9,5.9,2,5,0,0,1,0,0,2,0.0,2.0,0.0,1.0,2.0,0.0,0.0,0.0
AUT,Austria,2007,16,16,0,16,10.299999999999999,10.299999999999999,6,5,0,0,5,0,0,0,1.0,1.0,0.0,4.0,2.0,0.0,1.0,1.0
AUT,Austria,2009,8,8,0,8,5.3999999999999995,5.3999999999999995,1,4,1,0,1,0,0,1,0.0,0.0,0.0,2.0,2.0,1.0,0.0,0.0
AUT,Austria,2011,4,4,0,4,3.6,3.6,0,1,1,0,2,0,0,0,0.0,0.0,0.0,1.0,1.0,1.0,0.0,0.0
AUT,Austria,2013,1,1,0,1,1.0,1.0,0,0,0,0,1,0,0,0,0.0,0.0,0.0,1.0,0.0,0.0,0.0,0.0
AUT,Austria,2017,5,5,0,5,3.5,3.5,0,2,1,0,0,1,0,1,0.0,1.0,0.0,0.0,1.0,1.0,1.0,0.0
AUT,Austria,2019,2,1,0,1,0.3,0.3,1,0,0,0,0,0,0,1,0.0,0.0,0.0,0.0,0.0,0.0,0.0,1.0
AUT,Austria,2021,10,10,0,10,6.6,6.6,2,2,0,0,3,1,0,2,0.0,0.0,0.0,2.0,3.0,0.0,2.0,1.0
AUT,Austria,2024,9,9,0,9,6.699999999999999,6.699999999999999,0,3,0,0,2,1,3,0,0.0,4.0,1.0,1.0,1.0,0.0,0.0,0.0
BEL,Belgium,1997,3,3,0,3,2.2,2.2,0,1,1,0,0,0,1,0,0.0,1.0,0.0,0.0,0.0,2.0,0.0,0.0
BEL,Belgium,2001,1,1,0,1,0.4,0.4,0,0,0,0,0,0,0,1,0.0,0.0,0.0,0.0,0.0,1.0,0.0,0.0
BEL,Belgium,2003,2,2,0,2,0.7,0.7,1,0,0,0,0,0,0,1,0.0,0.0,0.0,0.0,1.0,0.0,0.0,1.0
BEL,Belgium,2005,6,6,0,6,4.1,4.1,1,2,0,0,2,0,0,1,0.0,0.0,0.0,2.0,2.0,0.0,0.0,1.0
BEL,Belgium,2007,2,2,0,2,1.1,1.1,0,1,0,0,0,0,0,1,0.0,1.0,0.0,0.0,1.0,0.0,0.0,0.0
BEL,Belgium,2009,2,1,0,1,0.7,0.7,0,2,0,0,0,0,0,0,0.0,1.0,0.0,1.0,0.0,0.0,0.0,0.0
BEL,Belgium,2017,8,8,0,8,6.7,6.7,0,4,1,0,3,0,0,0,0.0,1.0,0.0,5.0,1.0,1.0,0.0,0.0
BEL,Belgium,2020,6,6,0,6,3.8,3.8,1,3,0,0,1,0,0,1,0.0,1.0,0.0,2.0,1.0,0.0,0.0,1.0
BEL,Belgium,2022,1,1,0,1,1.0,1.0,0,0,0,0,1,0,0,0,0.0,0.0,0.0,1.0,0.0,0.0,0.0,0.0
BEL,Belgium,2024,6,6,0,6,4.0,4.0,0,1,1,0,1,0,1,2,0.0,2.0,0.0,2.0,1.0,0.0,0.0,0.0
CAN,Canada,1995,1,1,0,1,1.0,1.0,0,0,0,0,1,0,0,0,0.0,0.0,0.0,1.0,0.0,0.0,0.0,0.0
CAN,Canada,1996,2,2,0,2,1.4,1.4,0,0,0,0,1,0,0,1,0.0,0.0,1.0,0.0,0.0,1.0,0.0,0.0
CAN,Canada,1997,3,3,0,3,2.5,2.5,0,1,0,0,1,1,0,0,0.0,1.0,0.0,1.0,0.0,0.0,1.0,0.0
CAN,Canada,1998,3,3,0,3,2.5,2.5,0,1,0,0,1,1,0,0,0.0,1.0,0.0,1.0,0.0,0.0,1.0,0.0
CAN,Canada,1999,1,1,0,1,0.7,0.7,0,1,0,0,0,0,0,0,0.0,0.0,0.0,0.0,0.0,0.0,0.0,0.0
CAN,Canada,2000,2,2,0,2,1.7,1.7,0,1,0,0,1,0,0,0,0.0,0.0,0.0,0.0,0.0,0.0,1.0,0.0
CAN,Canada,2001,9,9,0,9,7.6,7.6,0,2,0,0,3,4,0,0,0.0,2.0,0.0,2.0,0.0,0.0,4.0,0.0
CAN,Canada,2003,4,4,0,4,2.9,2.9,1,1,1,0,1,0,0,0,0.0,0.0,0.0,1.0,1.0,1.0,0.0,0.0
CAN,Canada,2004,3,3,0,3,2.6,2.6,0,1,1,0,1,0,0,0,1.0,0.0,0.0,0.0,1.0,1.0,0.0,0.0
CAN,Canada,2006,8,8,0,8,6.3,6.3,0,5,0,0,2,1,0,0,0.0,5.0,0.0,0.0,0.0,0.0,2.0,0.0
CAN,Canada,2008,11,11,0,11,8.1,8.1,0,3,0,0,3,0,5,0,0.0,1.0,2.0,2.0,1.0,0.0,0.0,0.0
CAN,Canada,2010,1,1,0,1,0.7,0.7,0,1,0,0,0,0,0,0,0.0,0.0,0.0,0.0,0.0,0.0,0.0,0.0
CAN,Canada,2012,20,18,0,18,13.1,13.1,2,6,3,0,4,2,1,2,0.0,7.0,0.0,1.0,4.0,3.0,2.0,2.0
CAN,Canada,2014,2,2,0,2,1.9,1.9,0,0,1,0,1,0,0,0,0.0,1.0,0.0,0.0,0.0,1.0,0.0,0.0
CAN,Canada,2016,8,8,0,8,4.9,4.9,0,3,0,0,1,0,1,3,0.0,2.0,0.0,3.0,1.0,0.0,0.0,0.0
CAN,Canada,2018,7,7,0,7,4.0,4.0,2,1,1,0,1,0,0,2,1.0,0.0,0.0,0.0,2.0,0.0,0.0,0.0
CAN,Canada,2021,2,2,0,2,1.8,1.8,0,0,0,0,1,1,0,0,0.0,0.0,0.0,0.0,0.0,0.0,1.0,0.0
CAN,Canada,2023,5,5,0,5,4.1,4.1,0,3,0,0,2,0,0,0,0.0,2.0,0.0,1.0,1.0,0.0,0.0,0.0
CAN,Canada,2025,12,12,0,12,8.6,8.6,2,4,0,0,4,1,0,1,0.0,2.0,0.0,3.0,2.0,0.0,1.0,2.0
CHE,Switzerland,1995,2,2,0,2,1.7,1.7,0,1,0,0,1,0,0,0,0.0,0.0,0.0,1.0,0.0,0.0,0.0,0.0
CHE,Switzerland,1996,2,2,0,2,1.6,1.6,0,0,0,0,1,0,1,0,0.0,1.0,0.0,1.0,0.0,0.0,0.0,0.0
CHE,Switzerland,1997,3,3,0,3,2.2,2.2,1,0,1,0,1,0,0,0,0.0,0.0,0.0,0.0,0.0,0.0,0.0,2.0
CHE,Switzerland,1999,2,2,0,2,0.8999999999999999,0.8999999999999999,1,0,0,0,0,0,1,0,0.0,1.0,0.0,0.0,0.0,0.0,0.0,1.0
CHE,Switzerland,2002,1,1,0,1,1.0,1.0,0,0,0,0,1,0,0,0,0.0,0.0,0.0,0.0,0.0,0.0,0.0,0.0
CHE,Switzerland,2006,15,14,1,13,9.8,8.8,3,3,2,0,5,0,1,1,0.0,1.0,0.0,4.0,2.0,2.0,0.0,0.0
CHE,Switzerland,2007,1,1,0,1,1.0,1.0,0,0,0,0,1,0,0,0,0.0,0.0,0.0,1.0,0.0,0.0,0.0,0.0
CHE,Switzerland,2009,3,3,0,3,2.3,2.3,1,0,0,0,2,0,0,0,0.0,0.0,0.0,2.0,0.0,0.0,0.0,0.0
CHE,Switzerland,2011,1,1,0,1,0.7,0.7,0,1,0,0,0,0,0,0,0.0,0.0,0.0,0.0,0.0,0.0,0.0,0.0
CHE,Switzerland,2013,5,5,0,5,3.7,3.7,0,1,0,0,2,0,1,1,0.0,2.0,0.0,1.0,2.0,0.0,0.0,0.0
CHE,Switzerland,2015,2,2,0,2,1.7,1.7,0,1,0,0,1,0,0,0,0.0,1.0,0.0,0.0,1.0,0.0,0.0,0.0
CHE,Switzerland,2017,5,5,0,5,3.2,3.2,0,2,0,0,1,0,0,2,0.0,2.0,0.0,0.0,2.0,0.0,0.0,0.0
CHE,Switzerland,2019,2,2,0,2,1.0,1.0,1,1,0,0,0,0,0,0,0.0,1.0,0.0,0.0,0.0,0.0,0.0,0.0
CHE,Switzerland,2022,4,4,0,4,2.4,2.4,1,1,0,0,1,0,0,1,0.0,2.0,0.0,0.0,1.0,0.0,0.0,0.0
CHE,Switzerland,2024,3,3,0,3,1.4,1.4,0,1,0,1,0,0,1,0,0.0,2.0,0.0,0.0,1.0,0.0,0.0,0.0
CHL,Chile,2003,5,5,0,5,3.4,3.4,0,1,1,0,1,0,0,2,0.0,1.0,0.0,1.0,2.0,0.0,0.0,0.0
CHL,Chile,2005,8,8,0,8,6.1,6.1,0,4,1,0,2,0,0,1,0.0,0.0,0.0,2.0,2.0,0.0,0.0,0.0
CHL,Chile,2007,8,8,0,8,5.5,5.5,1,6,0,0,1,0,0,0,0.0,4.0,0.0,1.0,1.0,0.0,0.0,0.0
CHL,Chile,2010,12,12,0,12,8.5,8.5,0,10,1,0,0,0,1,0,0.0,3.0,0.0,1.0,1.0,0.0,0.0,0.0
CHL,Chile,2012,2,2,0,2,0.7999999999999999,0.7999999999999999,0,1,0,1,0,0,0,0,0.0,1.0,0.0,0.0,0.0,0.0,0.0,0.0
CHL,Chile,2013,8,8,0,8,4.8999999999999995,4.8999999999999995,1,6,0,0,0,0,0,1,0.0,4.0,0.0,0.0,1.0,0.0,0.0,1.0
CHL,Chile,2015,4,4,0,4,2.3,2.3,1,1,1,0,0,0,0,1,0.0,0.0,0.0,0.0,0.0,1.0,0.0,1.0
CHL,Chile,2018,10,10,0,10,7.0,7.0,1,3,0,0,3,0,2,1,0.0,5.0,0.0,3.0,0.0,0.0,0.0,0.0
CHL,Chile,2021,7,7,0,7,5.0,5.0,0,2,0,0,2,1,0,2,0.0,2.0,0.0,1.0,2.0,0.0,1.0,0.0
CHL,Chile,2022,2,2,0,2,1.7,1.7,0,1,0,0,1,0,0,0,0.0,1.0,0.0,1.0,0.0,0.0,0.0,0.0
CHL,Chile,2025,11,11,0,11,8.9,8.9,1,2,0,0,5,2,1,0,0.0,4.0,0.0,3.0,1.0,0.0,2.0,1.0
COL,Colombia,2013,1,1,0,1,1.0,1.0,0,0,0,0,1,0,0,0,0.0,0.0,0.0,1.0,0.0,0.0,0.0,0.0
COL,Colombia,2015,1,1,0,1,0.7,0.7,0,1,0,0,0,0,0,0,0.0,1.0,0.0,0.0,0.0,0.0,0.0,0.0
COL,Colombia,2017,7,7,0,7,5.1,5.1,1,2,0,0,3,0,0,1,0.0,0.0,0.0,3.0,3.0,0.0,0.0,1.0
COL,Colombia,2019,6,6,0,6,4.8,4.8,0,2,0,0,3,0,0,1,0.0,1.0,0.0,3.0,0.0,0.0,0.0,0.0
COL,Colombia,2024,2,2,0,2,1.2999999999999998,1.2999999999999998,0,1,0,0,0,0,1,0,0.0,1.0,0.0,1.0,0.0,0.0,0.0,0.0
CRI,Costa Rica,2016,2,2,0,2,1.7,1.7,0,1,0,0,1,0,0,0,0.0,0.0,0.0,1.0,1.0,0.0,0.0,0.0
CRI,Costa Rica,2018,4,4,0,4,2.8,2.8,0,4,0,0,0,0,0,0,0.0,0.0,0.0,0.0,4.0,0.0,0.0,0.0
CRI,Costa Rica,2020,3,3,0,3,2.4,2.4,0,0,0,0,2,0,0,1,0.0,0.0,0.0,2.0,1.0,0.0,0.0,0.0
CRI,Costa Rica,2023,5,5,0,5,3.0,3.0,2,2,0,0,1,0,0,0,0.0,0.0,0.0,0.0,0.0,0.0,0.0,1.0
CRI,Costa Rica,2025,6,6,0,6,4.5,4.5,0,1,0,0,3,0,0,2,0.0,0.0,0.0,2.0,4.0,0.0,0.0,0.0
CZE,Czech Republic,1998,3,3,0,3,2.7,2.7,0,0,1,0,1,1,0,0,0.0,1.0,0.0,0.0,0.0,1.0,1.0,0.0
CZE,Czech Republic,2000,1,1,0,1,0.7,0.7,0,1,0,0,0,0,0,0,0.0,0.0,0.0,0.0,0.0,0.0,0.0,0.0
CZE,Czech Republic,2004,3,3,0,3,2.1,2.1,0,1,0,0,1,0,0,1,0.0,1.0,0.0,1.0,0.0,0.0,0.0,0.0
CZE,Czech Republic,2006,10,10,0,10,7.6,7.6,0,6,0,0,3,0,0,1,0.0,2.0,0.0,3.0,3.0,0.0,0.0,0.0
CZE,Czech Republic,2008,4,4,0,4,2.8,2.8,0,2,0,0,1,0,0,1,0.0,0.0,0.0,1.0,1.0,0.0,1.0,0.0
CZE,Czech Republic,2010,1,1,0,1,1.0,1.0,0,0,0,0,1,0,0,0,0.0,0.0,0.0,1.0,0.0,0.0,0.0,0.0
CZE,Czech Republic,2011,5,5,0,5,3.8,3.8,0,4,0,0,1,0,0,0,0.0,0.0,0.0,2.0,0.0,0.0,0.0,0.0
CZE,Czech Republic,2014,2,2,0,2,1.6,1.6,0,1,1,0,0,0,0,0,0.0,1.0,0.0,0.0,0.0,0.0,0.0,1.0
CZE,Czech Republic,2016,16,16,0,16,11.3,11.3,1,5,1,0,5,0,0,4,0.0,5.0,0.0,5.0,4.0,0.0,0.0,1.0
CZE,Czech Republic,2018,2,2,0,2,1.7000000000000002,1.7000000000000002,0,0,1,0,0,1,0,0,0.0,0.0,0.0,0.0,0.0,0.0,1.0,1.0
CZE,Czech Republic,2020,8,8,0,8,5.8999999999999995,5.8999999999999995,0,5,0,0,2,0,0,1,0.0,1.0,0.0,4.0,3.0,0.0,0.0,0.0
CZE,Czech Republic,2023,4,4,0,4,2.0,2.0,1,1,0,0,0,0,1,1,0.0,1.0,0.0,0.0,2.0,0.0,0.0,1.0
DEU,Germany,1995,1,1,0,1,0.4,0.4,0,0,0,0,0,0,0,1,0.0,0.0,0.0,0.0,1.0,0.0,0.0,0.0
DEU,Germany,1996,2,2,0,2,1.1,1.1,0,0,0,1,1,0,0,0,0.0,0.0,0.0,1.0,0.0,0.0,0.0,0.0
DEU,Germany,1997,1,1,0,1,0.1,0.1,0,0,0,1,0,0,0,0,0.0,0.0,0.0,0.0,0.0,0.0,0.0,0.0
DEU,Germany,1998,2,2,0,2,0.7,0.7,1,0,0,0,0,0,0,1,0.0,0.0,0.0,0.0,1.0,0.0,0.0,0.0
DEU,Germany,1999,3,3,0,3,1.7,1.7,1,0,0,0,1,0,0,1,0.0,1.0,0.0,0.0,1.0,0.0,0.0,0.0
DEU,Germany,2001,2,2,0,2,1.3,1.3,1,0,0,0,1,0,0,0,0.0,0.0,0.0,1.0,0.0,0.0,0.0,0.0
DEU,Germany,2002,1,1,0,1,0.4,0.4,0,0,0,0,0,0,0,1,0.0,0.0,0.0,0.0,1.0,0.0,0.0,0.0
DEU,Germany,2004,10,10,0,10,6.3999999999999995,6.3999999999999995,3,5,0,0,2,0,0,0,0.0,0.0,0.0,2.0,3.0,0.0,0.0,1.0
DEU,Germany,2006,9,9,0,9,7.1,7.1,1,2,0,0,5,0,0,1,0.0,0.0,0.0,3.0,1.0,0.0,0.0,1.0
DEU,Germany,2008,5,5,0,5,2.9,2.9,2,1,0,0,1,0,1,0,0.0,1.0,0.0,1.0,1.0,0.0,0.0,0.0
DEU,Germany,2010,5,5,0,5,4.7,4.7,0,1,0,0,4,0,0,0,0.0,2.0,0.0,3.0,0.0,0.0,0.0,0.0
DEU,Germany,2012,4,4,0,4,2.4,2.4,1,1,0,0,1,0,0,1,0.0,2.0,0.0,0.0,1.0,0.0,0.0,0.0
DEU,Germany,2014,1,1,0,1,0.7,0.7,0,1,0,0,0,0,0,0,0.0,0.0,0.0,0.0,1.0,0.0,0.0,0.0
DEU,Germany,2016,1,1,0,1,1.0,1.0,0,0,0,0,1,0,0,0,0.0,0.0,0.0,1.0,0.0,0.0,0.0,0.0
DEU,Germany,2018,3,3,0,3,2.5,2.5,0,1,0,0,1,1,0,0,0.0,1.0,0.0,1.0,0.0,0.0,0.0,0.0
DEU,Germany,2020,12,12,0,12,7.1,7.1,1,4,0,0,0,3,0,4,0.0,4.0,0.0,0.0,3.0,0.0,1.0,0.0
DEU,Germany,2023,6,6,0,6,4.5,4.5,0,1,0,0,3,0,0,2,0.0,2.0,0.0,1.0,2.0,0.0,0.0,0.0
DEU,Germany,2025,13,13,0,13,9.5,9.5,0,4,1,0,4,0,1,3,0.0,3.0,0.0,1.0,4.0,1.0,0.0,0.0
DNK,Denmark,1997,2,2,0,2,1.1,1.1,0,1,0,0,0,0,0,1,0.0,0.0,0.0,0.0,1.0,0.0,0.0,0.0
DNK,Denmark,1999,1,1,0,1,1.0,1.0,0,0,0,0,1,0,0,0,0.0,1.0,0.0,0.0,0.0,0.0,0.0,0.0
DNK,Denmark,2002,1,1,0,1,1.0,1.0,0,0,0,0,1,0,0,0,0.0,0.0,0.0,1.0,0.0,0.0,0.0,0.0
DNK,Denmark,2003,1,1,0,1,0.7,0.7,0,1,0,0,0,0,0,0,0.0,0.0,1.0,0.0,0.0,0.0,0.0,0.0
DNK,Denmark,2005,3,3,0,3,2.6,2.6,0,1,1,0,1,0,0,0,0.0,0.0,0.0,1.0,0.0,2.0,0.0,0.0
DNK,Denmark,2006,5,4,0,4,2.4,2.4,1,1,0,1,1,0,0,1,0.0,1.0,0.0,1.0,1.0,0.0,0.0,0.0
DNK,Denmark,2008,3,3,0,3,2.9,2.9,0,0,1,0,2,0,0,0,1.0,0.0,0.0,1.0,0.0,1.0,0.0,0.0
DNK,Denmark,2009,2,2,0,2,2.0,2.0,0,0,0,0,2,0,0,0,0.0,0.0,0.0,2.0,0.0,0.0,0.0,0.0
DNK,Denmark,2012,1,1,0,1,1.0,1.0,0,0,0,0,1,0,0,0,0.0,1.0,0.0,0.0,0.0,0.0,0.0,0.0
DNK,Denmark,2013,11,11,0,11,7.5,7.5,1,7,1,0,1,0,0,1,0.0,1.0,0.0,2.0,2.0,1.0,0.0,0.0
DNK,Denmark,2016,1,1,0,1,0.7,0.7,0,1,0,0,0,0,0,0,0.0,0.0,0.0,0.0,1.0,0.0,0.0,0.0
DNK,Denmark,2019,9,9,0,9,6.7,6.7,1,4,2,0,1,1,0,0,0.0,3.0,1.0,0.0,1.0,1.0,1.0,0.0
DNK,Denmark,2021,6,6,0,6,4.3,4.3,0,1,0,0,1,1,3,0,0.0,4.0,1.0,0.0,0.0,0.0,1.0,0.0
DNK,Denmark,2024,4,4,0,4,2.9,2.9,1,1,1,0,1,0,0,0,0.0,2.0,1.0,0.0,0.0,0.0,0.0,0.0
ESP,Spain,1996,3,3,0,3,1.8,1.8,1,1,0,0,0,1,0,0,0.0,1.0,0.0,0.0,0.0,0.0,1.0,0.0
ESP,Spain,1998,3,3,0,3,2.3,2.3,0,0,1,0,1,0,0,1,0.0,1.0,0.0,0.0,0.0,1.0,0.0,0.0
ESP,Spain,2000,3,3,0,3,2.4,2.4,0,2,0,0,1,0,0,0,0.0,2.0,0.0,0.0,1.0,0.0,0.0,0.0
ESP,Spain,2001,2,2,0,2,1.7,1.7,0,1,0,0,1,0,0,0,0.0,1.0,0.0,1.0,0.0,0.0,0.0,0.0
ESP,Spain,2003,2,2,0,2,1.3,1.3,1,0,0,0,1,0,0,0,0.0,0.0,0.0,1.0,0.0,0.0,0.0,1.0
ESP,Spain,2005,8,8,0,8,6.8,6.8,0,2,0,0,5,0,0,1,0.0,0.0,0.0,5.0,2.0,0.0,0.0,0.0
ESP,Spain,2007,29,29,0,29,20.6,20.6,3,9,3,1,9,0,0,4,0.0,3.0,0.0,12.0,8.0,2.0,0.0,1.0
ESP,Spain,2008,3,3,0,3,2.0,2.0,1,1,0,0,1,0,0,0,0.0,0.0,0.0,1.0,0.0,0.0,0.0,0.0
ESP,Spain,2010,2,2,0,2,1.0,1.0,1,1,0,0,0,0,0,0,0.0,0.0,0.0,0.0,0.0,0.0,0.0,1.0
ESP,Spain,2012,1,1,0,1,0.9,0.9,0,0,1,0,0,0,0,0,0.0,0.0,0.0,0.0,0.0,1.0,0.0,0.0
ESP,Spain,2014,14,14,0,14,8.9,8.9,3,6,0,0,3,0,0,2,0.0,3.0,0.0,4.0,3.0,0.0,0.0,1.0
ESP,Spain,2017,12,12,0,12,7.4,7.4,1,5,0,0,2,0,0,4,0.0,4.0,0.0,1.0,4.0,0.0,0.0,0.0
ESP,Spain,2018,4,4,0,4,2.5,2.5,0,3,0,0,0,0,0,1,0.0,1.0,0.0,1.0,0.0,0.0,0.0,0.0
ESP,Spain,2021,11,11,0,11,9.0,9.0,1,2,3,0,4,0,1,0,0.0,3.0,0.0,6.0,0.0,1.0,0.0,1.0
ESP,Spain,2023,5,5,0,5,3.4000000000000004,3.4000000000000004,1,0,3,0,0,0,0,1,0.0,2.0,0.0,0.0,1.0,1.0,0.0,0.0
ESP,Spain,2025,3,3,0,3,2.6,2.6,0,1,1,0,1,0,0,0,0.0,1.0,0.0,1.0,1.0,0.0,0.0,0.0
EST,Estonia,2009,1,1,0,1,0.7,0.7,0,1,0,0,0,0,0,0,0.0,0.0,0.0,0.0,1.0,0.0,0.0,0.0
EST,Estonia,2011,8,8,0,8,5.3,5.3,1,2,0,0,2,1,0,2,0.0,0.0,0.0,2.0,2.0,0.0,1.0,0.0
EST,Estonia,2012,1,1,0,1,0.3,0.3,1,0,0,0,0,0,0,0,0.0,0.0,0.0,0.0,0.0,0.0,0.0,0.0
EST,Estonia,2015,4,4,0,4,2.5,2.5,1,1,1,0,0,0,1,0,0.0,2.0,0.0,1.0,0.0,0.0,0.0,0.0
EST,Estonia,2017,7,7,0,7,5.5,5.5,0,2,3,0,1,0,0,1,0.0,1.0,0.0,3.0,1.0,0.0,0.0,0.0
EST,Estonia,2019,4,4,0,4,3.4,3.4,0,2,0,0,2,0,0,0,0.0,0.0,0.0,2.0,2.0,0.0,0.0,0.0
EST,Estonia,2022,7,7,0,7,5.6,5.6,0,2,0,0,3,0,2,0,0.0,2.0,0.0,3.0,0.0,0.0,0.0,0.0
EST,Estonia,2024,5,5,0,5,4.0,4.0,0,1,1,0,2,0,0,1,0.0,2.0,0.0,2.0,1.0,0.0,0.0,0.0
FIN,Finland,1995,1,1,0,1,1.0,1.0,0,0,0,0,1,0,0,0,0.0,0.0,0.0,1.0,0.0,0.0,0.0,0.0
FIN,Finland,1996,5,5,0,5,3.4,3.4,1,1,0,0,1,1,1,0,0.0,1.0,0.0,1.0,1.0,0.0,1.0,0.0
FIN,Finland,1997,1,1,0,1,0.4,0.4,0,0,0,0,0,0,0,1,0.0,0.0,0.0,0.0,0.0,0.0,0.0,0.0
FIN,Finland,1998,1,1,0,1,0.7,0.7,0,1,0,0,0,0,0,0,0.0,1.0,0.0,0.0,0.0,0.0,0.0,0.0
FIN,Finland,1999,3,3,0,3,3.0,3.0,0,0,0,0,3,0,0,0,0.0,1.0,0.0,2.0,0.0,0.0,0.0,0.0
FIN,Finland,2000,2,2,0,2,1.9,1.9,0,0,1,0,1,0,0,0,0.0,0.0,0.0,1.0,0.0,0.0,0.0,1.0
FIN,Finland,2002,2,2,0,2,2.0,2.0,0,0,0,0,2,0,0,0,0.0,0.0,0.0,2.0,0.0,0.0,0.0,0.0
FIN,Finland,2003,2,2,0,2,1.2,1.2,0,0,0,0,0,0,2,0,0.0,0.0,0.0,0.0,0.0,0.0,0.0,0.0
FIN,Finland,2004,1,1,0,1,0.3,0.3,1,0,0,0,0,0,0,0,0.0,0.0,0.0,0.0,0.0,0.0,0.0,0.0
FIN,Finland,2008,3,3,0,3,1.3,1.3,2,1,0,0,0,0,0,0,0.0,0.0,0.0,0.0,1.0,0.0,0.0,2.0
FIN,Finland,2012,4,4,0,4,2.8,2.8,0,2,0,0,1,0,0,1,1.0,0.0,0.0,0.0,2.0,0.0,0.0,0.0
FIN,Finland,2014,4,3,0,3,1.9,1.9,1,1,0,0,1,0,1,0,0.0,1.0,0.0,0.0,1.0,0.0,0.0,1.0
FIN,Finland,2016,3,3,0,3,2.4,2.4,0,0,0,0,2,0,0,1,0.0,1.0,0.0,1.0,1.0,0.0,0.0,0.0
FIN,Finland,2018,1,1,0,1,0.4,0.4,0,0,0,0,0,0,0,1,0.0,0.0,0.0,0.0,0.0,1.0,0.0,0.0
FIN,Finland,2022,16,16,0,16,11.7,11.7,1,6,0,0,6,0,0,3,0.0,3.0,1.0,7.0,3.0,0.0,0.0,0.0
FIN,Finland,2025,9,9,0,9,5.7,5.7,3,2,0,0,3,0,0,1,0.0,2.0,0.0,4.0,0.0,0.0,0.0,0.0
FRA,France,1997,1,1,0,1,0.4,0.4,0,0,0,0,0,0,0,1,0.0,0.0,0.0,0.0,1.0,0.0,0.0,0.0
FRA,France,1999,16,16,0,16,11.799999999999999,11.799999999999999,0,9,3,0,2,0,0,2,1.0,1.0,0.0,2.0,9.0,3.0,0.0,0.0
FRA,France,2000,5,5,0,5,2.9,2.9,0,3,0,0,0,0,0,2,0.0,1.0,0.0,1.0,3.0,0.0,0.0,0.0
FRA,France,2001,1,1,0,1,0.4,0.4,0,0,0,0,0,0,0,1,0.0,0.0,0.0,0.0,1.0,0.0,0.0,0.0
FRA,France,2003,3,3,0,3,2.4,2.4,0,2,0,0,1,0,0,0,0.0,0.0,0.0,1.0,2.0,0.0,0.0,0.0
FRA,France,2005,2,2,0,2,1.5,1.5,0,1,0,0,0,1,0,0,0.0,0.0,0.0,0.0,0.0,0.0,0.0,0.0
FRA,France,2009,17,17,0,17,11.6,11.6,2,7,1,0,4,0,0,3,0.0,3.0,0.0,3.0,4.0,1.0,0.0,0.0
FRA,France,2011,5,5,0,5,3.5999999999999996,3.5999999999999996,0,4,0,0,0,1,0,0,0.0,0.0,0.0,0.0,2.0,0.0,0.0,1.0
FRA,France,2013,3,3,0,3,2.1,2.1,1,0,0,0,1,1,0,0,0.0,0.0,0.0,1.0,0.0,0.0,1.0,0.0
FRA,France,2015,1,1,0,1,0.3,0.3,1,0,0,0,0,0,0,0,0.0,0.0,0.0,0.0,0.0,0.0,0.0,0.0
FRA,France,2017,1,1,0,1,0.7,0.7,0,1,0,0,0,0,0,0,0.0,0.0,0.0,0.0,1.0,0.0,0.0,0.0
FRA,France,2019,10,10,0,10,9.2,9.2,0,2,0,0,7,1,0,0,0.0,0.0,0.0,7.0,2.0,0.0,0.0,0.0
FRA,France,2021,6,6,0,6,5.1,5.1,0,3,0,0,3,0,0,0,0.0,1.0,0.0,2.0,1.0,0.0,0.0,0.0
FRA,France,2024,4,4,0,4,2.5,2.5,0,3,0,0,0,0,0,1,0.0,2.0,0.0,0.0,1.0,0.0,0.0,0.0
GBR,United Kingdom,1996,4,4,0,4,3.0,3.0,0,3,1,0,0,0,0,0,0.0,1.0,0.0,0.0,1.0,1.0,0.0,0.0
GBR,United Kingdom,1998,2,2,0,2,1.0,1.0,1,1,0,0,0,0,0,0,0.0,0.0,0.0,0.0,1.0,0.0,0.0,0.0
GBR,United Kingdom,2000,6,6,0,6,3.5,3.5,1,4,0,0,0,0,0,1,0.0,4.0,0.0,0.0,1.0,0.0,0.0,0.0
GBR,United Kingdom,2002,2,2,0,2,1.1,1.1,0,1,0,0,0,0,0,1,0.0,2.0,0.0,0.0,0.0,0.0,0.0,0.0
GBR,United Kingdom,2004,1,1,0,1,0.7,0.7,0,1,0,0,0,0,0,0,0.0,0.0,0.0,0.0,0.0,0.0,0.0,0.0
GBR,United Kingdom,2005,10,10,0,10,6.8,6.8,3,3,2,0,2,0,0,0,0.0,4.0,0.0,1.0,0.0,2.0,0.0,1.0
GBR,United Kingdom,2007,9,9,0,9,6.699999999999999,6.699999999999999,1,5,1,0,2,0,0,0,0.0,4.0,0.0,3.0,0.0,1.0,0.0,0.0
GBR,United Kingdom,2011,4,4,0,4,3.3,3.3,0,1,0,0,2,0,1,0,0.0,3.0,0.0,0.0,0.0,0.0,0.0,0.0
GBR,United Kingdom,2013,9,9,0,9,6.1,6.1,0,7,0,0,0,1,0,1,0.0,6.0,0.0,0.0,2.0,0.0,1.0,0.0
GBR,United Kingdom,2017,5,5,0,5,5.0,5.0,0,0,0,0,5,0,0,0,0.0,1.0,0.0,4.0,0.0,0.0,0.0,0.0
GBR,United Kingdom,2020,9,9,0,9,6.5,6.5,1,4,0,0,3,0,0,1,0.0,1.0,0.0,3.0,1.0,0.0,0.0,0.0
GBR,United Kingdom,2022,8,8,0,8,5.6,5.6,0,2,0,0,2,0,3,1,0.0,5.0,0.0,2.0,1.0,0.0,0.0,0.0
GBR,United Kingdom,2024,2,2,0,2,1.4,1.4,0,0,0,0,1,0,0,1,0.0,1.0,0.0,1.0,0.0,0.0,0.0,0.0
GRC,Greece,1996,3,3,0,3,1.8,1.8,1,0,1,0,0,0,1,0,0.0,1.0,0.0,0.0,0.0,0.0,0.0,0.0
GRC,Greece,2001,1,1,0,1,1.0,1.0,0,0,0,0,1,0,0,0,0.0,0.0,0.0,1.0,0.0,0.0,0.0,0.0
GRC,Greece,2002,1,1,0,1,0.9,0.9,0,0,1,0,0,0,0,0,0.0,0.0,0.0,0.0,0.0,1.0,0.0,0.0
GRC,Greece,2005,3,3,0,3,2.0,2.0,0,1,1,0,0,0,0,1,0.0,1.0,0.0,0.0,0.0,2.0,0.0,0.0
GRC,Greece,2007,2,2,0,2,1.3,1.3,1,0,0,0,1,0,0,0,0.0,0.0,0.0,1.0,0.0,0.0,0.0,0.0
GRC,Greece,2009,2,2,0,2,1.4,1.4,0,0,0,0,1,0,0,1,0.0,0.0,0.0,1.0,0.0,0.0,0.0,0.0
GRC,Greece,2011,3,3,0,3,2.1,2.1,0,1,0,0,1,0,0,1,0.0,0.0,0.0,1.0,2.0,0.0,0.0,0.0
GRC,Greece,2016,2,2,0,2,0.7,0.7,1,0,0,0,0,0,0,1,0.0,0.0,0.0,0.0,1.0,0.0,0.0,1.0
GRC,Greece,2018,6,6,0,6,4.6,4.6,0,3,1,0,1,0,1,0,0.0,1.0,0.0,2.0,2.0,1.0,0.0,0.0
GRC,Greece,2020,9,9,0,9,7.6,7.6,0,4,2,0,3,0,0,0,0.0,0.0,0.0,4.0,3.0,2.0,0.0,0.0
GRC,Greece,2023,6,6,0,6,5.0,5.0,0,2,2,0,1,1,0,0,0.0,1.0,0.0,1.0,1.0,2.0,0.0,0.0
GRC,Greece,2024,10,10,0,10,6.7,6.7,1,2,0,0,3,1,0,3,0.0,0.0,0.0,3.0,3.0,0.0,1.0,0.0
HUN,Hungary,1997,2,2,0,2,1.7,1.7,0,1,0,0,1,0,0,0,0.0,2.0,0.0,0.0,0.0,0.0,0.0,0.0
HUN,Hungary,1999,1,1,0,1,0.9,0.9,0,0,1,0,0,0,0,0,0.0,1.0,0.0,0.0,0.0,0.0,0.0,0.0
HUN,Hungary,2000,2,2,0,2,0.9,0.9,0,0,0,1,0,1,0,0,0.0,0.0,0.0,1.0,0.0,0.0,0.0,0.0
HUN,Hungary,2002,4,4,0,4,2.7,2.7,1,0,0,0,1,1,1,0,0.0,1.0,0.0,1.0,0.0,0.0,1.0,1.0
HUN,Hungary,2004,2,2,0,2,1.2999999999999998,1.2999999999999998,0,1,0,0,0,0,1,0,0.0,0.0,0.0,0.0,0.0,0.0,0.0,0.0
HUN,Hungary,2005,13,13,0,13,10.0,10.0,0,7,3,0,2,0,0,1,0.0,3.0,0.0,3.0,3.0,2.0,0.0,0.0
HUN,Hungary,2010,4,4,0,4,2.0,2.0,1,1,0,0,0,0,1,1,0.0,1.0,0.0,0.0,1.0,0.0,0.0,1.0
HUN,Hungary,2012,1,1,0,1,1.0,1.0,0,0,0,0,1,0,0,0,0.0,0.0,0.0,1.0,0.0,0.0,0.0,0.0
HUN,Hungary,2014,1,1,0,1,0.4,0.4,0,0,0,0,0,0,0,1,0.0,0.0,0.0,0.0,1.0,0.0,0.0,0.0
HUN,Hungary,2016,2,2,0,2,0.7,0.7,1,0,0,0,0,0,0,1,0.0,0.0,0.0,0.0,1.0,0.0,0.0,0.0
HUN,Hungary,2019,2,2,0,2,1.0,1.0,1,1,0,0,0,0,0,0,0.0,0.0,0.0,0.0,1.0,0.0,0.0,0.0
HUN,Hungary,2021,5,4,0,4,1.7,1.7,2,2,0,0,0,0,0,1,0.0,0.0,0.0,0.0,1.0,0.0,0.0,0.0
HUN,Hungary,2024,3,3,0,3,1.8,1.8,0,0,0,0,0,1,1,1,0.0,1.0,0.0,0.0,0.0,0.0,0.0,0.0
IRL,Ireland,1995,2,2,0,2,1.0,1.0,1,1,0,0,0,0,0,0,0.0,0.0,0.0,0.0,1.0,0.0,0.0,0.0
IRL,Ireland,1999,5,5,0,5,4.0,4.0,1,0,1,0,2,1,0,0,0.0,1.0,0.0,2.0,0.0,0.0,1.0,0.0
IRL,Ireland,2001,4,4,0,4,2.4,2.4,1,1,0,0,1,0,0,1,0.0,0.0,0.0,1.0,1.0,0.0,0.0,0.0
IRL,Ireland,2003,3,3,0,3,2.5,2.5,0,0,1,0,1,0,1,0,0.0,1.0,0.0,1.0,0.0,1.0,0.0,0.0
IRL,Ireland,2006,3,3,0,3,2.2,2.2,0,0,0,0,1,1,0,1,0.0,1.0,0.0,1.0,0.0,0.0,1.0,0.0
IRL,Ireland,2008,4,4,0,4,2.2,2.2,2,0,0,0,1,0,1,0,0.0,1.0,0.0,0.0,0.0,0.0,0.0,1.0
IRL,Ireland,2009,2,2,0,2,1.7,1.7,0,1,0,0,1,0,0,0,0.0,2.0,0.0,0.0,0.0,0.0,0.0,0.0
IRL,Ireland,2011,8,8,0,8,5.9,5.9,1,2,2,0,1,1,1,0,0.0,1.0,0.0,1.0,2.0,2.0,1.0,0.0
IRL,Ireland,2013,21,21,0,21,15.799999999999999,15.799999999999999,0,9,3,0,4,1,2,2,0.0,4.0,0.0,5.0,9.0,1.0,1.0,0.0
IRL,Ireland,2015,5,5,0,5,2.5,2.5,3,1,1,0,0,0,0,0,0.0,0.0,0.0,1.0,0.0,1.0,0.0,3.0
IRL,Ireland,2018,5,5,0,5,4.2,4.2,0,1,1,0,2,0,1,0,0.0,1.0,0.0,2.0,1.0,1.0,0.0,0.0
IRL,Ireland,2020,2,2,0,2,1.7,1.7,0,1,0,0,1,0,0,0,0.0,0.0,0.0,1.0,1.0,0.0,0.0,0.0
IRL,Ireland,2022,1,1,0,1,1.0,1.0,0,0,0,0,1,0,0,0,0.0,0.0,0.0,0.0,0.0,0.0,0.0,0.0
IRL,Ireland,2025,2,2,0,2,0.5,0.5,0,0,0,1,0,0,0,1,0.0,0.0,0.0,0.0,1.0,0.0,0.0,0.0
ISL,Iceland,1997,2,2,0,2,1.7,1.7,0,1,0,0,1,0,0,0,0.0,0.0,0.0,2.0,0.0,0.0,0.0,0.0
ISL,Iceland,1998,2,2,0,2,1.1,1.1,0,1,0,0,0,0,0,1,0.0,0.0,0.0,0.0,1.0,0.0,0.0,0.0
ISL,Iceland,1999,2,2,0,2,1.4,1.4,0,0,0,0,0,1,1,0,0.0,1.0,0.0,0.0,0.0,0.0,1.0,0.0
ISL,Iceland,2006,1,1,0,1,0.4,0.4,0,0,0,0,0,0,0,1,0.0,0.0,0.0,0.0,1.0,0.0,0.0,0.0
ISL,Iceland,2015,3,3,0,3,2.1,2.1,0,1,0,0,1,0,0,1,0.0,0.0,0.0,1.0,2.0,0.0,0.0,0.0
ISL,Iceland,2017,1,1,0,1,0.7,0.7,0,1,0,0,0,0,0,0,0.0,0.0,0.0,0.0,1.0,0.0,0.0,0.0
ISL,Iceland,2019,4,4,0,4,2.5,2.5,0,2,0,1,1,0,0,0,0.0,1.0,0.0,1.0,1.0,0.0,0.0,1.0
ISL,Iceland,2021,21,20,0,20,15.4,15.4,1,4,3,1,7,1,1,3,0.0,5.0,1.0,2.0,4.0,4.0,1.0,0.0
ISL,Iceland,2023,1,1,0,1,0.7,0.7,0,1,0,0,0,0,0,0,0.0,0.0,0.0,0.0,1.0,0.0,0.0,0.0
ISR,Israel,2009,3,3,0,3,2.7,2.7,0,1,0,0,2,0,0,0,0.0,2.0,0.0,0.0,1.0,0.0,0.0,0.0
ISR,Israel,2011,1,1,0,1,1.0,1.0,0,0,0,0,1,0,0,0,0.0,0.0,0.0,0.0,0.0,0.0,0.0,1.0
ISR,Israel,2013,1,1,0,1,1.0,1.0,0,0,0,0,1,0,0,0,0.0,0.0,0.0,1.0,0.0,0.0,0.0,0.0
ISR,Israel,2018,1,1,0,1,0.7,0.7,0,1,0,0,0,0,0,0,0.0,0.0,0.0,0.0,1.0,0.0,0.0,0.0
ISR,Israel,2020,4,4,0,4,3.4,3.4,0,2,0,0,2,0,0,0,0.0,1.0,0.0,1.0,2.0,0.0,0.0,0.0
ISR,Israel,2023,7,7,0,7,4.3,4.3,3,2,0,0,2,0,0,0,0.0,3.0,0.0,0.0,1.0,0.0,0.0,2.0
ISR,Israel,2025,8,8,0,8,4.7,4.7,0,1,0,0,0,2,2,3,0.0,4.0,0.0,0.0,2.0,0.0,2.0,0.0
ITA,Italy,1995,1,1,0,1,1.0,1.0,0,0,0,0,1,0,0,0,0.0,0.0,0.0,1.0,0.0,0.0,0.0,0.0
ITA,Italy,1997,1,1,0,1,1.0,1.0,0,0,0,0,1,0,0,0,0.0,1.0,0.0,0.0,0.0,0.0,0.0,0.0
ITA,Italy,2000,2,1,0,1,1.0,1.0,0,0,0,1,1,0,0,0,0.0,1.0,0.0,0.0,0.0,0.0,0.0,0.0
ITA,Italy,2002,4,4,0,4,2.5,2.5,2,0,1,0,1,0,0,0,0.0,0.0,0.0,1.0,0.0,1.0,0.0,0.0
ITA,Italy,2005,5,5,0,5,2.6999999999999997,2.6999999999999997,2,1,0,0,1,0,0,1,0.0,2.0,0.0,0.0,1.0,0.0,0.0,2.0
ITA,Italy,2007,2,2,0,2,1.1,1.1,0,1,0,0,0,0,0,1,0.0,0.0,0.0,0.0,1.0,0.0,0.0,0.0
ITA,Italy,2011,10,10,0,10,7.6,7.6,2,2,4,0,2,0,0,0,0.0,3.0,0.0,0.0,0.0,4.0,0.0,0.0
ITA,Italy,2013,5,5,0,5,3.5,3.5,0,3,0,0,1,0,0,1,0.0,1.0,0.0,0.0,3.0,0.0,0.0,0.0
ITA,Italy,2015,3,3,0,3,2.1,2.1,0,1,0,0,1,0,0,1,0.0,2.0,0.0,0.0,0.0,0.0,0.0,0.0
ITA,Italy,2017,15,14,0,14,9.799999999999999,9.799999999999999,0,9,0,0,3,0,0,3,0.0,5.0,0.0,1.0,5.0,0.0,0.0,1.0
ITA,Italy,2019,3,3,0,3,1.8,1.8,0,0,0,0,1,0,0,2,0.0,0.0,0.0,0.0,2.0,0.0,0.0,0.0
ITA,Italy,2021,7,7,0,7,4.6,4.6,0,4,0,0,1,0,0,2,0.0,0.0,0.0,1.0,4.0,0.0,0.0,0.0
ITA,Italy,2024,2,2,0,2,1.0,1.0,1,1,0,0,0,0,0,0,0.0,0.0,0.0,0.0,1.0,0.0,0.0,1.0
JPN,Japan,1996,5,5,0,5,4.0,4.0,0,0,0,0,3,0,1,1,3.0,1.0,0.0,0.0,1.0,0.0,0.0,0.0
JPN,Japan,1998,8,8,0,8,7.2,7.2,0,2,2,0,4,0,0,0,1.0,1.0,0.0,3.0,0.0,2.0,0.0,0.0
JPN,Japan,1999,4,4,0,4,2.4,2.4,0,1,1,0,0,0,0,2,0.0,1.0,0.0,0.0,2.0,1.0,0.0,0.0
JPN,Japan,2000,3,3,0,3,2.6,2.6,0,1,1,0,1,0,0,0,1.0,0.0,0.0,0.0,1.0,1.0,0.0,0.0
JPN,Japan,2001,3,3,0,3,2.0,2.0,0,0,1,1,1,0,0,0,1.0,0.0,0.0,0.0,0.0,1.0,0.0,0.0
JPN,Japan,2002,5,5,0,5,3.3,3.3,1,1,1,0,1,0,0,1,1.0,1.0,0.0,0.0,0.0,1.0,0.0,1.0
JPN,Japan,2003,4,4,0,4,1.7,1.7,2,1,0,0,0,0,0,1,0.0,1.0,0.0,0.0,1.0,0.0,0.0,2.0
JPN,Japan,2005,2,2,0,2,1.1,1.1,0,1,0,0,0,0,0,1,0.0,0.0,0.0,0.0,2.0,0.0,0.0,0.0
JPN,Japan,2006,14,13,0,13,9.299999999999999,9.299999999999999,1,6,2,1,2,0,1,1,0.0,4.0,0.0,2.0,1.0,2.0,0.0,1.0
JPN,Japan,2008,5,5,0,5,2.7,2.7,1,1,0,1,1,0,1,0,0.0,2.0,0.0,1.0,0.0,0.0,0.0,1.0
JPN,Japan,2009,7,7,0,7,5.9,5.9,1,0,0,0,5,0,1,0,2.0,2.0,0.0,0.0,0.0,0.0,0.0,0.0
JPN,Japan,2011,8,8,0,8,5.3,5.3,2,0,1,0,3,0,0,2,0.0,0.0,0.0,3.0,2.0,1.0,0.0,1.0
JPN,Japan,2013,2,2,0,2,1.9,1.9,0,0,1,0,1,0,0,0,0.0,1.0,0.0,0.0,0.0,0.0,0.0,1.0
JPN,Japan,2015,15,15,0,15,8.2,8.2,2,3,3,0,0,0,0,7,0.0,2.0,0.0,0.0,7.0,1.0,0.0,1.0
JPN,Japan,2017,7,7,0,7,5.3,5.3,0,1,2,0,2,0,0,2,0.0,2.0,0.0,2.0,2.0,0.0,0.0,0.0
JPN,Japan,2019,5,5,0,5,2.4,2.4,1,1,0,0,0,0,1,2,0.0,2.0,0.0,0.0,1.0,0.0,0.0,1.0
JPN,Japan,2021,6,6,0,6,4.2,4.2,0,1,1,0,1,0,2,1,0.0,3.0,1.0,1.0,0.0,0.0,0.0,0.0
JPN,Japan,2024,10,10,0,10,7.9,7.9,0,1,2,0,3,1,2,1,0.0,3.0,1.0,2.0,2.0,1.0,1.0,0.0
KOR,Korea,1996,3,3,0,3,2.3,2.3,0,1,0,0,1,0,1,0,0.0,2.0,0.0,1.0,0.0,0.0,0.0,0.0
KOR,Korea,1998,3,3,0,3,2.9,2.9,0,0,1,0,2,0,0,0,0.0,0.0,0.0,2.0,0.0,0.0,0.0,0.0
KOR,Korea,2000,6,6,0,6,4.1,4.1,1,0,0,0,3,0,0,2,0.0,0.0,0.0,3.0,0.0,0.0,0.0,0.0
KOR,Korea,2001,3,3,0,3,2.1,2.1,0,1,0,0,1,0,0,1,0.0,1.0,0.0,1.0,1.0,0.0,0.0,0.0
KOR,Korea,2003,7,7,0,7,4.2,4.2,2,2,0,0,1,0,2,0,0.0,1.0,0.0,1.0,2.0,0.0,0.0,3.0
KOR,Korea,2004,7,7,0,7,6.0,6.0,0,0,2,0,3,0,2,0,1.0,1.0,0.0,3.0,0.0,0.0,0.0,2.0
KOR,Korea,2005,16,16,0,16,11.5,11.5,2,4,1,0,6,0,0,3,0.0,2.0,0.0,2.0,6.0,1.0,0.0,3.0
KOR,Korea,2007,6,6,0,6,4.1,4.1,0,0,1,0,2,0,0,3,0.0,1.0,0.0,1.0,1.0,2.0,0.0,0.0
KOR,Korea,2008,2,2,0,2,1.9,1.9,0,0,1,0,1,0,0,0,0.0,1.0,0.0,0.0,0.0,1.0,0.0,0.0
KOR,Korea,2010,9,9,0,9,7.2,7.2,0,2,0,0,5,0,0,2,3.0,1.0,0.0,2.0,2.0,0.0,0.0,0.0
KOR,Korea,2012,12,12,0,12,8.3,8.3,3,4,0,0,4,0,1,0,1.0,0.0,0.0,4.0,2.0,0.0,0.0,1.0
KOR,Korea,2014,9,9,0,9,5.7,5.7,2,1,2,0,1,1,0,2,0.0,2.0,0.0,0.0,2.0,1.0,1.0,3.0
KOR,Korea,2016,9,9,0,9,7.4,7.4,0,1,1,0,5,0,0,2,0.0,1.0,0.0,5.0,1.0,1.0,0.0,0.0
KOR,Korea,2018,11,11,0,11,6.7,6.7,0,2,1,0,2,0,0,6,0.0,1.0,0.0,2.0,2.0,0.0,0.0,0.0
KOR,Korea,2020,11,11,0,11,8.2,8.2,0,6,0,0,3,0,1,1,0.0,3.0,0.0,3.0,3.0,1.0,0.0,0.0
KOR,Korea,2022,4,4,0,4,2.8,2.8,0,2,0,0,1,0,0,1,0.0,0.0,0.0,1.0,0.0,0.0,0.0,0.0
KOR,Korea,2024,1,1,0,1,0.4,0.4,0,0,0,0,0,0,0,1,0.0,1.0,0.0,0.0,0.0,0.0,0.0,0.0
LTU,Lithuania,2016,6,6,0,6,3.9,3.9,0,3,0,0,1,0,0,2,0.0,1.0,0.0,1.0,3.0,0.0,0.0,0.0
LTU,Lithuania,2018,8,8,0,8,5.4,5.4,0,4,2,0,0,0,0,2,0.0,1.0,0.0,0.0,4.0,2.0,0.0,0.0
LTU,Lithuania,2020,6,6,0,6,4.5,4.5,0,3,0,0,2,0,0,1,0.0,1.0,0.0,2.0,1.0,0.0,0.0,0.0
LTU,Lithuania,2022,15,15,0,15,10.299999999999999,10.299999999999999,1,6,0,0,4,0,1,3,0.0,4.0,0.0,2.0,3.0,0.0,0.0,0.0
LTU,Lithuania,2025,3,3,0,3,1.8,1.8,1,1,0,0,0,1,0,0,0.0,1.0,0.0,0.0,0.0,0.0,0.0,0.0
LUX,Luxembourg,1997,1,1,0,1,1.0,1.0,0,0,0,0,1,0,0,0,0.0,0.0,0.0,1.0,0.0,0.0,0.0,0.0
LUX,Luxembourg,2001,2,2,0,2,1.3,1.3,1,0,0,0,1,0,0,0,0.0,0.0,0.0,1.0,0.0,0.0,0.0,0.0
LUX,Luxembourg,2006,1,1,0,1,0.3,0.3,1,0,0,0,0,0,0,0,0.0,0.0,0.0,0.0,0.0,0.0,0.0,0.0
LUX,Luxembourg,2008,1,1,0,1,1.0,1.0,0,0,0,0,1,0,0,0,0.0,0.0,0.0,1.0,0.0,0.0,0.0,0.0
LUX,Luxembourg,2015,4,4,0,4,2.8,2.8,0,0,0,0,2,0,0,2,0.0,0.0,0.0,1.0,1.0,2.0,0.0,0.0
LUX,Luxembourg,2017,2,2,0,2,1.0,1.0,0,0,0,0,0,0,1,1,0.0,1.0,0.0,0.0,1.0,0.0,0.0,0.0
LUX,Luxembourg,2019,3,3,0,3,2.0,2.0,0,2,0,0,0,0,1,0,0.0,1.0,0.0,0.0,1.0,0.0,0.0,0.0
LUX,Luxembourg,2022,6,6,0,6,5.4,5.4,0,0,0,0,5,0,0,1,0.0,1.0,0.0,3.0,2.0,0.0,0.0,0.0
LUX,Luxembourg,2025,4,4,0,4,3.2,3.2,0,2,0,0,1,1,0,0,0.0,1.0,0.0,1.0,1.0,0.0,0.0,0.0
LVA,Latvia,2015,10,10,0,10,7.7,7.7,0,2,1,0,2,3,1,1,0.0,2.0,0.0,2.0,2.0,1.0,3.0,0.0
LVA,Latvia,2017,10,10,0,10,7.4,7.4,2,1,3,0,2,1,1,0,0.0,5.0,0.0,1.0,0.0,1.0,1.0,1.0
LVA,Latvia,2019,10,10,0,10,6.8,6.8,2,1,3,0,2,0,0,2,0.0,1.0,0.0,3.0,3.0,1.0,0.0,0.0
LVA,Latvia,2022,13,12,1,11,9.0,8.3,0,5,2,0,3,0,1,2,0.0,5.0,0.0,2.0,3.0,1.0,0.0,0.0
LVA,Latvia,2024,9,9,0,9,4.9,4.9,2,2,1,0,0,1,0,3,0.0,0.0,0.0,0.0,3.0,1.0,0.0,1.0
MEX,Mexico,1997,4,4,0,4,3.2,3.2,0,2,2,0,0,0,0,0,0.0,2.0,0.0,0.0,2.0,0.0,0.0,0.0
MEX,Mexico,2000,6,6,0,6,4.5,4.5,0,5,0,0,1,0,0,0,0.0,3.0,0.0,2.0,1.0,0.0,0.0,0.0
MEX,Mexico,2003,1,1,0,1,0.4,0.4,0,0,0,0,0,0,0,1,0.0,0.0,0.0,0.0,0.0,0.0,0.0,0.0
MEX,Mexico,2005,2,2,0,2,1.7,1.7,0,1,0,0,1,0,0,0,0.0,0.0,0.0,1.0,0.0,0.0,0.0,0.0
MEX,Mexico,2007,4,4,0,4,2.0,2.0,1,1,0,0,0,0,1,1,0.0,1.0,0.0,0.0,0.0,0.0,0.0,1.0
MEX,Mexico,2011,2,2,0,2,1.1,1.1,0,1,0,0,0,0,0,1,0.0,0.0,0.0,0.0,2.0,0.0,0.0,0.0
MEX,Mexico,2013,1,1,0,1,1.0,1.0,0,0,0,0,1,0,0,0,0.0,0.0,0.0,1.0,0.0,0.0,0.0,0.0
MEX,Mexico,2015,3,3,0,3,2.3,2.3,0,0,1,0,1,0,0,1,0.0,1.0,0.0,1.0,1.0,0.0,0.0,0.0
MEX,Mexico,2017,3,3,0,3,2.1,2.1,0,1,0,0,1,0,0,1,0.0,1.0,0.0,1.0,1.0,0.0,0.0,0.0
MEX,Mexico,2019,1,1,0,1,1.0,1.0,0,0,0,0,1,0,0,0,0.0,0.0,0.0,1.0,0.0,0.0,0.0,0.0
NLD,Netherlands,1996,7,7,0,7,4.6,4.6,2,2,0,0,2,0,1,0,0.0,3.0,0.0,2.0,0.0,0.0,0.0,1.0
NLD,Netherlands,1998,4,4,0,4,3.0999999999999996,3.0999999999999996,0,3,0,0,1,0,0,0,0.0,0.0,0.0,0.0,3.0,1.0,0.0,0.0
NLD,Netherlands,2002,6,6,0,6,3.9000000000000004,3.9000000000000004,0,0,1,0,1,1,0,3,1.0,2.0,0.0,0.0,2.0,0.0,1.0,0.0
NLD,Netherlands,2004,10,10,0,10,6.7,6.7,2,2,1,0,3,0,0,2,0.0,2.0,0.0,2.0,3.0,1.0,0.0,0.0
NLD,Netherlands,2006,8,7,0,7,5.0,5.0,0,3,0,0,2,1,0,2,1.0,0.0,0.0,1.0,5.0,0.0,1.0,0.0
NLD,Netherlands,2008,9,9,0,9,5.6,5.6,2,4,0,0,1,1,0,1,0.0,1.0,0.0,1.0,2.0,0.0,1.0,1.0
NLD,Netherlands,2010,2,1,0,1,0.7,0.7,0,1,0,1,0,0,0,0,0.0,1.0,0.0,0.0,0.0,0.0,0.0,0.0
NLD,Netherlands,2012,5,5,0,5,3.3,3.3,0,2,1,0,0,0,1,1,0.0,3.0,0.0,0.0,1.0,1.0,0.0,0.0
NLD,Netherlands,2014,8,8,0,8,5.0,5.0,1,2,1,0,1,0,1,2,0.0,3.0,0.0,0.0,2.0,2.0,0.0,0.0
NLD,Netherlands,2016,8,8,0,8,6.3,6.3,0,1,0,0,4,0,2,1,0.0,4.0,0.0,2.0,2.0,0.0,0.0,0.0
NLD,Netherlands,2018,2,2,0,2,1.8,1.8,0,0,0,0,1,1,0,0,0.0,1.0,0.0,0.0,0.0,0.0,1.0,0.0
NLD,Netherlands,2021,5,5,0,5,4.0,4.0,1,1,0,0,3,0,0,0,0.0,1.0,0.0,2.0,1.0,0.0,0.0,1.0
NLD,Netherlands,2023,2,2,0,2,1.7,1.7,0,1,0,0,1,0,0,0,0.0,0.0,0.0,1.0,0.0,0.0,0.0,0.0
NLD,Netherlands,2025,16,13,3,10,9.1,6.1,1,2,0,0,7,1,3,2,0.0,3.0,0.0,3.0,3.0,0.0,0.0,1.0
NOR,Norway,1997,1,1,0,1,0.9,0.9,0,0,1,0,0,0,0,0,0.0,0.0,0.0,0.0,0.0,1.0,0.0,0.0
NOR,Norway,1998,1,1,0,1,0.4,0.4,0,0,0,0,0,0,0,1,0.0,0.0,0.0,0.0,1.0,0.0,0.0,0.0
NOR,Norway,1999,3,3,0,3,2.3,2.3,0,0,1,0,1,0,0,1,0.0,0.0,0.0,1.0,0.0,1.0,0.0,0.0
NOR,Norway,2000,3,2,0,2,2.0,2.0,0,0,0,0,3,0,0,0,0.0,0.0,0.0,3.0,0.0,0.0,0.0,0.0
NOR,Norway,2002,2,2,0,2,1.7,1.7,0,1,0,0,1,0,0,0,0.0,1.0,0.0,0.0,0.0,0.0,0.0,1.0
NOR,Norway,2004,2,2,0,2,1.3,1.3,1,0,0,0,1,0,0,0,0.0,0.0,0.0,1.0,0.0,0.0,0.0,0.0
NOR,Norway,2007,11,11,0,11,8.8,8.8,1,2,3,0,4,0,0,1,0.0,1.0,0.0,4.0,2.0,3.0,0.0,1.0
NOR,Norway,2008,1,1,0,1,0.7,0.7,0,1,0,0,0,0,0,0,0.0,0.0,0.0,0.0,1.0,0.0,0.0,0.0
NOR,Norway,2010,1,1,0,1,0.8,0.8,0,0,0,0,0,1,0,0,0.0,0.0,1.0,0.0,0.0,0.0,0.0,0.0
NOR,Norway,2012,1,1,0,1,0.7,0.7,0,1,0,0,0,0,0,0,0.0,1.0,0.0,0.0,0.0,0.0,0.0,0.0
NOR,Norway,2014,7,7,0,7,4.8,4.8,0,3,1,0,1,0,0,2,0.0,2.0,0.0,1.0,3.0,1.0,0.0,0.0
NOR,Norway,2016,2,2,0,2,1.9,1.9,0,0,1,0,1,0,0,0,0.0,1.0,0.0,0.0,0.0,1.0,0.0,0.0
NOR,Norway,2018,13,13,0,13,9.9,9.9,0,7,1,1,4,0,0,0,0.0,5.0,0.0,3.0,1.0,1.0,0.0,0.0
NOR,Norway,2019,2,2,0,2,1.7,1.7,0,1,0,0,1,0,0,0,0.0,1.0,0.0,1.0,0.0,0.0,0.0,0.0
NOR,Norway,2022,1,1,0,1,0.7,0.7,0,1,0,0,0,0,0,0,0.0,1.0,0.0,0.0,0.0,0.0,0.0,0.0
NOR,Norway,2024,1,1,0,1,0.6,0.6,0,0,0,0,0,0,1,0,0.0,1.0,0.0,0.0,0.0,0.0,0.0,0.0
NZL,New Zealand,1999,1,1,0,1,1.0,1.0,0,0,0,0,1,0,0,0,0.0,0.0,0.0,1.0,0.0,0.0,0.0,0.0
NZL,New Zealand,2000,5,5,0,5,4.7,4.7,0,1,0,0,4,0,0,0,0.0,1.0,1.0,2.0,1.0,0.0,0.0,0.0
NZL,New Zealand,2002,4,4,0,4,2.3,2.3,1,0,0,0,1,0,1,1,1.0,1.0,0.0,0.0,1.0,0.0,0.0,0.0
NZL,New Zealand,2003,13,13,0,13,9.0,9.0,1,5,0,0,3,1,1,2,0.0,2.0,0.0,2.0,4.0,0.0,0.0,1.0
NZL,New Zealand,2005,12,12,0,12,9.2,9.2,1,4,3,0,3,0,0,1,0.0,0.0,0.0,3.0,3.0,3.0,0.0,0.0
NZL,New Zealand,2007,4,4,0,4,2.3,2.3,1,1,1,0,0,0,0,1,0.0,0.0,0.0,1.0,1.0,1.0,0.0,0.0
NZL,New Zealand,2009,3,3,0,3,2.0,2.0,1,1,0,0,1,0,0,0,0.0,0.0,0.0,1.0,1.0,0.0,0.0,1.0
NZL,New Zealand,2011,6,6,0,6,3.4,3.4,3,0,1,0,1,0,1,0,0.0,2.0,0.0,0.0,0.0,1.0,0.0,0.0
NZL,New Zealand,2013,9,9,0,9,6.5,6.5,1,2,2,0,2,0,1,1,0.0,4.0,0.0,1.0,1.0,1.0,0.0,0.0
NZL,New Zealand,2015,1,1,0,1,1.0,1.0,0,0,0,0,1,0,0,0,0.0,0.0,0.0,1.0,0.0,0.0,0.0,0.0
NZL,New Zealand,2017,6,6,0,6,5.6,5.6,0,1,1,0,4,0,0,0,0.0,2.0,0.0,3.0,0.0,1.0,0.0,0.0
NZL,New Zealand,2019,1,1,0,1,0.7,0.7,0,1,0,0,0,0,0,0,0.0,1.0,0.0,0.0,0.0,0.0,0.0,0.0
NZL,New Zealand,2022,8,8,0,8,4.3,4.3,1,2,0,0,1,0,0,4,0.0,2.0,0.0,0.0,5.0,0.0,0.0,0.0
NZL,New Zealand,2024,2,2,0,2,0.8999999999999999,0.8999999999999999,1,0,0,0,0,0,1,0,0.0,1.0,0.0,0.0,0.0,0.0,0.0,0.0
POL,Poland,1998,2,2,0,2,1.1,1.1,0,1,0,0,0,0,0,1,0.0,0.0,0.0,0.0,0.0,0.0,0.0,0.0
POL,Poland,2001,2,2,0,2,1.1,1.1,0,1,0,0,0,0,0,1,0.0,0.0,0.0,0.0,2.0,0.0,0.0,0.0
POL,Poland,2004,1,1,0,1,0.4,0.4,0,0,0,0,0,0,0,1,0.0,0.0,0.0,0.0,1.0,0.0,0.0,0.0
POL,Poland,2006,3,3,0,3,2.4,2.4,0,2,0,0,1,0,0,0,0.0,1.0,0.0,1.0,1.0,0.0,0.0,0.0
POL,Poland,2008,2,2,0,2,0.7,0.7,1,0,0,0,0,0,0,1,0.0,0.0,0.0,0.0,0.0,0.0,0.0,0.0
POL,Poland,2010,10,10,0,10,7.7,7.7,1,3,1,0,4,0,0,1,0.0,3.0,0.0,2.0,1.0,0.0,0.0,1.0
POL,Poland,2016,1,1,0,1,0.7,0.7,0,1,0,0,0,0,0,0,0.0,1.0,0.0,0.0,0.0,0.0,0.0,0.0
POL,Poland,2018,28,28,0,28,20.7,20.7,1,16,2,0,5,2,0,2,0.0,9.0,0.0,3.0,9.0,2.0,2.0,2.0
POL,Poland,2020,3,3,0,3,2.3,2.3,0,0,1,0,1,0,0,1,0.0,1.0,0.0,1.0,1.0,0.0,0.0,0.0
POL,Poland,2023,4,4,0,4,2.0999999999999996,2.0999999999999996,1,2,0,0,0,0,0,1,0.0,1.0,0.0,0.0,0.0,0.0,0.0,0.0
POL,Poland,2025,4,4,0,4,2.5,2.5,0,1,0,0,1,0,0,2,0.0,1.0,0.0,1.0,2.0,0.0,0.0,0.0
PRT,Portugal,1995,1,1,0,1,0.3,0.3,1,0,0,0,0,0,0,0,0.0,0.0,0.0,0.0,0.0,0.0,0.0,1.0
PRT,Portugal,1996,3,3,0,3,2.6,2.6,0,1,1,0,1,0,0,0,0.0,1.0,0.0,1.0,0.0,1.0,0.0,0.0
PRT,Portugal,1998,2,2,0,2,1.6,1.6,0,0,0,0,1,0,1,0,0.0,1.0,0.0,1.0,0.0,0.0,0.0,0.0
PRT,Portugal,1999,2,2,0,2,0.8999999999999999,0.8999999999999999,1,0,0,0,0,0,1,0,0.0,1.0,0.0,0.0,0.0,0.0,0.0,0.0
PRT,Portugal,2001,4,4,0,4,3.7,3.7,0,1,0,0,3,0,0,0,0.0,2.0,0.0,2.0,0.0,0.0,0.0,0.0
PRT,Portugal,2003,4,4,0,4,2.2,2.2,1,1,0,0,0,1,0,1,0.0,1.0,1.0,0.0,0.0,0.0,1.0,1.0
PRT,Portugal,2004,9,9,0,9,3.9,3.9,2,1,0,0,0,0,1,5,0.0,3.0,0.0,0.0,2.0,2.0,0.0,2.0
PRT,Portugal,2006,3,3,0,3,2.0,2.0,1,1,0,0,1,0,0,0,0.0,0.0,0.0,2.0,0.0,0.0,0.0,1.0
PRT,Portugal,2008,3,3,0,3,1.7999999999999998,1.7999999999999998,0,2,0,0,0,0,0,1,0.0,0.0,0.0,0.0,1.0,0.0,0.0,0.0
PRT,Portugal,2010,4,4,0,4,2.7,2.7,0,2,1,0,0,0,0,1,0.0,3.0,0.0,0.0,1.0,0.0,0.0,0.0
PRT,Portugal,2012,1,1,0,1,0.3,0.3,1,0,0,0,0,0,0,0,0.0,0.0,0.0,0.0,0.0,0.0,0.0,0.0
PRT,Portugal,2014,3,3,0,3,2.0,2.0,0,1,1,0,0,0,0,1,0.0,1.0,0.0,1.0,0.0,0.0,0.0,0.0
PRT,Portugal,2017,5,5,0,5,3.1,3.1,0,2,1,0,0,0,0,2,0.0,1.0,0.0,0.0,1.0,1.0,0.0,0.0
PRT,Portugal,2019,5,5,0,5,3.7,3.7,1,1,3,0,0,0,0,0,0.0,2.0,0.0,0.0,0.0,2.0,0.0,0.0
PRT,Portugal,2021,9,9,0,9,6.5,6.5,1,2,0,0,4,0,0,2,0.0,3.0,0.0,2.0,1.0,0.0,0.0,0.0
PRT,Portugal,2023,4,4,0,4,2.4,2.4,1,1,0,0,1,0,0,1,0.0,1.0,0.0,1.0,0.0,0.0,0.0,0.0
SVK,Slovak Republic,1996,1,1,0,1,0.4,0.4,0,0,0,0,0,0,0,1,0.0,0.0,0.0,0.0,0.0,0.0,0.0,0.0
SVK,Slovak Republic,2004,2,2,0,2,0.7,0.7,1,0,0,0,0,0,0,1,0.0,0.0,0.0,0.0,1.0,0.0,0.0,0.0
SVK,Slovak Republic,2005,7,7,0,7,3.6999999999999997,3.6999999999999997,0,2,0,1,1,0,0,3,0.0,1.0,0.0,0.0,4.0,0.0,0.0,1.0
SVK,Slovak Republic,2007,1,1,0,1,0.7,0.7,0,1,0,0,0,0,0,0,0.0,0.0,0.0,0.0,1.0,0.0,0.0,0.0
SVK,Slovak Republic,2009,2,2,0,2,1.3,1.3,1,0,0,0,1,0,0,0,0.0,0.0,0.0,1.0,0.0,0.0,0.0,0.0
SVK,Slovak Republic,2010,10,10,0,10,8.6,8.6,1,2,1,0,6,0,0,0,0.0,4.0,0.0,3.0,1.0,0.0,0.0,0.0
SVK,Slovak Republic,2012,4,3,0,3,2.7,2.7,0,1,0,0,2,0,0,1,0.0,1.0,0.0,1.0,0.0,0.0,0.0,0.0
SVK,Slovak Republic,2014,4,4,0,4,2.4,2.4,1,1,0,0,1,0,0,1,0.0,1.0,0.0,1.0,0.0,0.0,0.0,0.0
SVK,Slovak Republic,2017,6,6,0,6,3.5,3.5,2,1,0,0,1,0,2,0,0.0,3.0,0.0,1.0,0.0,0.0,0.0,2.0
SVK,Slovak Republic,2019,7,7,0,7,6.0,6.0,0,3,1,0,3,0,0,0,0.0,4.0,0.0,2.0,0.0,0.0,0.0,1.0
SVK,Slovak Republic,2022,6,6,0,6,4.8,4.8,0,4,0,0,2,0,0,0,0.0,1.0,0.0,2.0,2.0,1.0,0.0,0.0
SVK,Slovak Republic,2024,11,10,0,10,7.6,7.6,0,4,0,1,5,0,0,1,0.0,4.0,0.0,2.0,2.0,0.0,1.0,0.0
SVN,Slovenia,2009,3,3,0,3,2.1,2.1,0,1,0,0,1,0,0,1,0.0,1.0,0.0,1.0,1.0,0.0,0.0,0.0
SVN,Slovenia,2011,10,10,0,10,7.6,7.6,0,6,0,0,3,0,0,1,0.0,1.0,0.0,5.0,4.0,0.0,0.0,0.0
SVN,Slovenia,2013,1,1,0,1,0.7,0.7,0,1,0,0,0,0,0,0,0.0,1.0,0.0,0.0,0.0,0.0,0.0,0.0
SVN,Slovenia,2015,2,2,0,2,1.7,1.7,0,1,0,0,1,0,0,0,0.0,1.0,0.0,1.0,0.0,0.0,0.0,0.0
SVN,Slovenia,2017,4,4,0,4,2.0,2.0,1,1,0,0,0,0,1,1,0.0,1.0,0.0,0.0,0.0,0.0,0.0,0.0
SVN,Slovenia,2022,8,8,0,8,6.5,6.5,0,2,3,0,2,0,0,1,0.0,0.0,0.0,2.0,1.0,3.0,0.0,0.0
SWE,Sweden,1995,2,2,0,2,0.7,0.7,1,0,0,0,0,0,0,1,0.0,0.0,0.0,0.0,1.0,0.0,0.0,0.0
SWE,Sweden,1997,2,2,0,2,1.8,1.8,0,0,0,0,1,1,0,0,0.0,0.0,0.0,1.0,0.0,0.0,1.0,0.0
SWE,Sweden,2001,2,2,0,2,2.0,2.0,0,0,0,0,2,0,0,0,0.0,0.0,0.0,2.0,0.0,0.0,0.0,0.0
SWE,Sweden,2002,1,1,0,1,0.7,0.7,0,1,0,0,0,0,0,0,0.0,0.0,0.0,0.0,0.0,0.0,0.0,0.0
SWE,Sweden,2004,6,6,0,6,4.2,4.2,0,1,3,0,0,0,0,2,0.0,0.0,0.0,0.0,1.0,4.0,0.0,0.0
SWE,Sweden,2005,1,1,0,1,0.9,0.9,0,0,1,0,0,0,0,0,0.0,0.0,0.0,0.0,0.0,1.0,0.0,0.0
SWE,Sweden,2008,4,4,0,4,3.1999999999999997,3.1999999999999997,1,0,1,0,2,0,0,0,0.0,0.0,0.0,2.0,0.0,1.0,0.0,0.0
SWE,Sweden,2011,1,1,0,1,0.6,0.6,0,0,0,0,0,0,1,0,0.0,1.0,0.0,0.0,0.0,0.0,0.0,0.0
SWE,Sweden,2015,5,4,1,3,2.8,1.7999999999999998,0,4,0,0,1,0,0,0,0.0,0.0,0.0,0.0,3.0,0.0,0.0,0.0
SWE,Sweden,2019,2,2,0,2,1.3,1.3,1,0,0,0,1,0,0,0,0.0,0.0,0.0,0.0,0.0,0.0,0.0,1.0
SWE,Sweden,2021,5,5,0,5,3.8000000000000003,3.8000000000000003,1,0,1,0,2,0,1,0,0.0,2.0,0.0,2.0,0.0,0.0,0.0,0.0
SWE,Sweden,2023,1,1,0,1,0.7,0.7,0,1,0,0,0,0,0,0,0.0,1.0,0.0,0.0,0.0,0.0,0.0,0.0
TUR,Türkiye,1996,2,2,0,2,0.7999999999999999,0.7999999999999999,0,1,0,1,0,0,0,0,0.0,1.0,0.0,0.0,0.0,0.0,0.0,0.0
TUR,Türkiye,2001,4,4,0,4,4.0,4.0,0,0,0,0,4,0,0,0,0.0,2.0,0.0,1.0,0.0,0.0,0.0,0.0
TUR,Türkiye,2002,2,2,0,2,1.7,1.7,0,1,0,0,1,0,0,0,0.0,0.0,0.0,1.0,0.0,0.0,0.0,0.0
TUR,Türkiye,2004,1,1,0,1,0.8,0.8,0,0,0,0,0,1,0,0,0.0,0.0,0.0,0.0,0.0,0.0,1.0,0.0
TUR,Türkiye,2006,3,3,0,3,2.2,2.2,0,1,1,0,0,0,1,0,0.0,2.0,0.0,0.0,0.0,1.0,0.0,0.0
TUR,Türkiye,2008,2,2,0,2,1.5,1.5,0,1,0,0,0,1,0,0,0.0,1.0,0.0,0.0,0.0,0.0,1.0,0.0
TUR,Türkiye,2010,2,2,0,2,1.7,1.7,0,1,0,0,1,0,0,0,0.0,1.0,0.0,1.0,0.0,0.0,0.0,0.0
TUR,Türkiye,2014,3,3,0,3,1.4,1.4,1,1,0,0,0,0,0,1,0.0,2.0,0.0,0.0,0.0,0.0,0.0,0.0
TUR,Türkiye,2016,12,12,0,12,8.6,8.6,1,7,0,0,3,0,0,1,0.0,3.0,1.0,2.0,2.0,2.0,0.0,1.0
TUR,Türkiye,2018,10,10,0,10,5.4,5.4,0,3,1,0,0,0,0,6,0.0,3.0,0.0,0.0,5.0,0.0,0.0,0.0
TUR,Türkiye,2021,4,4,0,4,2.5,2.5,0,1,0,0,1,0,0,2,0.0,2.0,0.0,0.0,1.0,0.0,0.0,0.0
TUR,Türkiye,2023,4,4,0,4,2.9,2.9,1,1,1,0,1,0,0,0,0.0,2.0,0.0,0.0,0.0,0.0,0.0,1.0
TUR,Türkiye,2025,11,11,0,11,8.0,8.0,3,2,3,0,3,0,0,0,0.0,4.0,0.0,1.0,0.0,2.0,0.0,2.0
USA,United States,1995,1,1,0,1,1.0,1.0,0,0,0,0,1,0,0,0,0.0,0.0,0.0,1.0,0.0,0.0,0.0,0.0
USA,United States,1996,2,2,0,2,1.6,1.6,0,1,1,0,0,0,0,0,0.0,1.0,0.0,0.0,0.0,1.0,0.0,0.0
USA,United States,1997,4,4,0,4,3.0,3.0,1,0,1,0,1,1,0,0,0.0,0.0,0.0,1.0,0.0,1.0,1.0,0.0
USA,United States,1999,1,1,0,1,0.3,0.3,1,0,0,0,0,0,0,0,0.0,0.0,0.0,0.0,0.0,0.0,0.0,0.0
USA,United States,2000,1,1,0,1,0.9,0.9,0,0,1,0,0,0,0,0,0.0,0.0,0.0,0.0,0.0,0.0,0.0,0.0
USA,United States,2001,1,1,0,1,0.6,0.6,0,0,0,0,0,0,1,0,0.0,1.0,0.0,0.0,0.0,0.0,0.0,0.0
USA,United States,2004,1,1,0,1,0.7,0.7,0,1,0,0,0,0,0,0,0.0,1.0,0.0,0.0,0.0,0.0,0.0,0.0
USA,United States,2005,1,1,0,1,0.6,0.6,0,0,0,0,0,0,1,0,0.0,1.0,0.0,0.0,0.0,0.0,0.0,0.0
USA,United States,2007,2,2,0,2,1.1,1.1,1,0,0,0,0,1,0,0,0.0,0.0,0.0,0.0,0.0,0.0,1.0,1.0
USA,United States,2010,6,6,0,6,5.2,5.2,0,0,0,0,4,0,2,0,1.0,1.0,0.0,3.0,0.0,0.0,0.0,0.0
USA,United States,2012,18,18,0,18,12.7,12.7,2,9,0,0,5,0,0,2,1.0,4.0,0.0,4.0,3.0,0.0,0.0,0.0
USA,United States,2014,2,2,0,2,1.3,1.3,1,0,0,0,1,0,0,0,0.0,0.0,0.0,1.0,0.0,0.0,0.0,0.0
USA,United States,2016,10,9,0,9,7.0,7.0,0,6,1,0,2,0,1,0,0.0,4.0,0.0,1.0,0.0,1.0,0.0,0.0
USA,United States,2018,2,2,0,2,1.7,1.7,0,1,0,0,1,0,0,0,0.0,0.0,0.0,0.0,1.0,0.0,0.0,0.0
USA,United States,2020,1,1,0,1,0.7,0.7,0,1,0,0,0,0,0,0,0.0,0.0,0.0,0.0,0.0,0.0,0.0,0.0
USA,United States,2022,1,1,0,1,0.6,0.6,0,0,0,0,0,0,1,0,0.0,1.0,0.0,0.0,0.0,0.0,0.0,0.0
USA,United States,2024,2,2,0,2,1.6,1.6,0,0,0,0,1,0,1,0,0.0,1.0,1.0,0.0,0.0,0.0,0.0,0.0
